Timestamp,Agent,MinConnections,MaxConnections
1780434340907,in-vm,0,0
1780434341908,in-vm,0,0
1780434342907,in-vm,0,0
1780434343906,in-vm,0,0
1780434344906,in-vm,0,0
1780434345906,in-vm,0,0
1780434346906,in-vm,0,0
1780434347904,in-vm,0,0
1780434348904,in-vm,0,0
1780434349904,in-vm,0,0
1780434350906,in-vm,0,0
1780434351905,in-vm,0,0
1780434352904,in-vm,0,0
1780434353904,in-vm,0,0
1780434354905,in-vm,0,0
1780434355905,in-vm,0,0
1780434356905,in-vm,0,0
1780434357909,in-vm,0,0
1780434358905,in-vm,0,0
1780434359905,in-vm,0,0
1780434360905,in-vm,0,0
1780434361905,in-vm,0,0
1780434362905,in-vm,0,0
1780434363905,in-vm,0,0
1780434364905,in-vm,0,0
1780434365905,in-vm,0,0
1780434366904,in-vm,0,0
1780434367905,in-vm,0,0
1780434368905,in-vm,0,0
1780434369905,in-vm,0,0
1780434370905,in-vm,0,0
1780434371905,in-vm,0,0
1780434372905,in-vm,0,0
1780434373904,in-vm,0,0
1780434374905,in-vm,0,0
1780434375905,in-vm,0,0
1780434376905,in-vm,0,0
1780434377905,in-vm,0,0
1780434378905,in-vm,0,0
1780434379905,in-vm,0,0
1780434380904,in-vm,0,0
1780434381905,in-vm,0,0
1780434382906,in-vm,0,0
1780434383904,in-vm,0,0
1780434384905,in-vm,0,0
1780434385906,in-vm,0,0
1780434386904,in-vm,0,0
1780434387905,in-vm,0,0
1780434388905,in-vm,0,0
1780434389905,in-vm,0,0
1780434390905,in-vm,0,0
1780434391905,in-vm,0,0
1780434392905,in-vm,0,0
1780434393905,in-vm,0,0
1780434394905,in-vm,0,0
1780434395905,in-vm,0,0
1780434396905,in-vm,0,0
1780434397905,in-vm,0,0
1780434398905,in-vm,0,0
1780434399905,in-vm,0,0
1780434400905,in-vm,0,0
1780434401904,in-vm,0,0
1780434402904,in-vm,0,0
1780434403905,in-vm,0,0
1780434404904,in-vm,0,0
1780434405905,in-vm,0,0
1780434406904,in-vm,0,0
1780434407905,in-vm,0,0
1780434408905,in-vm,0,0
1780434409904,in-vm,0,0
1780434410904,in-vm,0,0
1780434411904,in-vm,0,0
1780434412905,in-vm,0,0
1780434413904,in-vm,0,0
1780434414905,in-vm,0,0
1780434415904,in-vm,0,0
1780434416904,in-vm,0,0
1780434417905,in-vm,0,0
1780434418904,in-vm,0,0
1780434419905,in-vm,0,0
1780434420905,in-vm,0,0
1780434421905,in-vm,0,0
1780434422905,in-vm,0,0
1780434423905,in-vm,0,0
1780434424905,in-vm,0,0
1780434425905,in-vm,0,0
1780434426904,in-vm,0,0
1780434427904,in-vm,0,0
1780434428905,in-vm,0,0
1780434429905,in-vm,0,0
1780434430904,in-vm,0,0
1780434431904,in-vm,0,0
1780434432904,in-vm,0,0
1780434433905,in-vm,0,0
1780434434905,in-vm,0,0
1780434435905,in-vm,0,0
1780434436905,in-vm,0,0
1780434437904,in-vm,0,0
1780434438905,in-vm,0,0
1780434439905,in-vm,0,0
1780434440904,in-vm,0,0
1780434441904,in-vm,0,0
1780434442904,in-vm,0,0
1780434443904,in-vm,0,0
1780434444904,in-vm,0,0
1780434445904,in-vm,0,0
1780434446904,in-vm,0,0
1780434447905,in-vm,0,0
1780434448904,in-vm,0,0
1780434449904,in-vm,0,0
1780434450905,in-vm,0,0
1780434451907,in-vm,0,0
1780434452905,in-vm,0,0
1780434453905,in-vm,0,0
1780434454904,in-vm,0,0
1780434455905,in-vm,0,0
1780434456904,in-vm,0,0
1780434457905,in-vm,0,0
1780434458904,in-vm,0,0
1780434459904,in-vm,0,0
1780434460904,in-vm,0,0
1780434461904,in-vm,0,0
1780434462905,in-vm,0,0
1780434463905,in-vm,0,0
1780434464905,in-vm,0,0
1780434465905,in-vm,0,0
1780434466905,in-vm,0,0
1780434467904,in-vm,0,0
1780434468904,in-vm,0,0
1780434469904,in-vm,0,0
1780434470905,in-vm,0,0
1780434471905,in-vm,0,0
1780434472905,in-vm,0,0
1780434473905,in-vm,0,0
1780434474905,in-vm,0,0
1780434475905,in-vm,0,0
1780434476905,in-vm,0,0
1780434477904,in-vm,0,0
1780434478904,in-vm,0,0
1780434479904,in-vm,0,0
1780434480904,in-vm,0,0
1780434481904,in-vm,0,0
1780434482905,in-vm,0,0
1780434483905,in-vm,0,0
1780434484905,in-vm,0,0
1780434485905,in-vm,0,0
1780434486905,in-vm,0,0
1780434487905,in-vm,0,0
1780434488905,in-vm,0,0
1780434489905,in-vm,0,0
1780434490904,in-vm,0,0
1780434491905,in-vm,0,0
1780434492904,in-vm,0,0
1780434493905,in-vm,0,0
1780434494905,in-vm,0,0
1780434495905,in-vm,0,0
1780434496905,in-vm,0,0
1780434497904,in-vm,0,0
1780434498905,in-vm,0,0
1780434499905,in-vm,0,0
1780434500905,in-vm,0,0
1780434501905,in-vm,0,0
1780434502905,in-vm,0,0
1780434503905,in-vm,0,0
1780434504904,in-vm,0,0
1780434505905,in-vm,0,0
1780434506905,in-vm,0,0
1780434507904,in-vm,0,0
1780434508905,in-vm,0,0
1780434509905,in-vm,0,0
1780434510905,in-vm,0,0
1780434511904,in-vm,0,0
1780434512905,in-vm,0,0
1780434513905,in-vm,0,0
1780434514904,in-vm,0,0
1780434515905,in-vm,0,0
1780434516905,in-vm,0,0
1780434517905,in-vm,0,0
1780434518905,in-vm,0,0
1780434519904,in-vm,0,0
