Start,End,Requests,Responses,Mean,StdDev,Min,p50.0,p90.0,p99.0,p99.9,p99.99,Max,ConnectionErrors,RequestTimeouts,InternalErrors,Invalid,BlockedTime,http.2xx,http.3xx,http.4xx,http.5xx,http.CacheHits,http.OtherStatus
1780431067197,1780431068197,219,219,540521775,281833247,109576192,583008255,905969663,1061158911,1073741823,1073741823,1073741823,0,0,0,0,0,219,0,0,0,0,0
1780431068197,1780431069197,482,482,182922533,102355690,24248320,156237823,322961407,574619647,595591167,595591167,595591167,0,0,0,0,0,482,0,0,0,0,0
1780431069197,1780431070197,740,740,134043149,88620224,8126464,122159103,253755391,371195903,417333247,417333247,417333247,0,0,0,0,0,740,0,0,0,0,0
1780431070197,1780431071197,1045,1045,98638703,89843332,3997696,90701823,160432127,583008255,683671551,683671551,683671551,0,0,0,0,0,1045,0,0,0,0,0
1780431071197,1780431072197,1324,1324,69848271,60927144,2752512,50069503,144703487,304087039,364904447,371195903,371195903,0,0,0,0,0,1324,0,0,0,0,0
1780431072197,1780431073197,1711,1711,59679945,41375122,1736704,51904511,119013375,180355071,362807295,375390207,375390207,0,0,0,0,0,1711,0,0,0,0,0
1780431073197,1780431074197,2130,2130,49059382,67753259,1875968,32899071,98041855,247463935,994050047,1006632959,1006632959,0,0,0,0,0,2130,0,0,0,0,0
1780431074197,1780431075197,2206,2206,44890123,87996089,1884160,19136511,96468991,461373439,901775359,914358271,914358271,0,0,0,0,0,2206,0,0,0,0,0
1780431075197,1780431076197,2272,2272,51287631,114411665,2072576,25034751,82313215,742391807,864026623,872415231,872415231,0,0,0,0,0,2272,0,0,0,0,0
1780431076197,1780431077197,2418,2418,34074662,92670988,1949696,13041663,31588351,633339903,775946239,889192447,889192447,0,0,0,0,0,2418,0,0,0,0,0
1780431077197,1780431078197,2707,2707,38023372,83241091,2342912,17039359,42729471,473956351,805306367,1056964607,1056964607,0,0,0,0,0,2707,0,0,0,0,0
1780431078197,1780431079197,2221,2221,42575660,84473732,2605056,23855103,59506687,488636415,771751935,796917759,796917759,0,0,0,0,0,2221,0,0,0,0,0
1780431079197,1780431080197,2724,2724,37179868,79444286,1048576,15466495,61341695,404750335,505413631,1157627903,1157627903,0,0,0,0,0,2724,0,0,0,0,0
1780431080197,1780431081197,3026,3026,32060794,53815055,1581056,17432575,81788927,270532607,440401919,989855743,989855743,0,0,0,0,0,3026,0,0,0,0,0
1780431081197,1780431082197,3432,3432,28849866,37821234,999424,14548991,72351743,183500799,276824063,327155711,327155711,0,0,0,0,0,3432,0,0,0,0,0
1780431082197,1780431083197,3369,3369,29556288,22537533,1138688,25559039,54001663,122683391,177209343,178257919,178257919,0,0,0,0,0,3369,0,0,0,0,0
1780431083197,1780431084197,3988,3988,24948631,20354088,946176,19660799,47710207,115343359,147849215,149946367,149946367,0,0,0,0,0,3988,0,0,0,0,0
1780431084197,1780431085197,3841,3841,26197913,14502473,860160,23855103,43778047,74973183,96468991,119537663,119537663,0,0,0,0,0,3841,0,0,0,0,0
1780431085197,1780431086197,4196,4196,23613734,13380729,921600,20447231,39583743,73400319,117440511,124780543,124780543,0,0,0,0,0,4196,0,0,0,0,0
1780431086197,1780431087197,4466,4466,22513168,12542653,929792,20054015,39059455,63176703,75497471,89653247,89653247,0,0,0,0,0,4466,0,0,0,0,0
1780431087197,1780431088197,5382,5382,18501630,14819819,716800,14811135,32767999,62914559,216006655,224395263,224395263,0,0,0,0,0,5382,0,0,0,0,0
1780431088197,1780431089197,5843,5843,17012675,10693938,839680,14548991,30539775,54525951,76546047,84934655,84934655,0,0,0,0,0,5843,0,0,0,0,0
1780431089197,1780431090197,7439,7439,13443843,8268971,614400,10813439,23855103,45088767,58982399,68681727,68681727,0,0,0,0,0,7439,0,0,0,0,0
1780431090197,1780431091197,9574,9574,10417881,4699039,696320,9764863,13959167,25165823,51118079,189792255,189792255,0,0,0,0,0,9574,0,0,0,0,0
1780431091197,1780431092197,8818,8818,11457349,9706873,798720,10158079,14942207,53477375,107479039,251658239,251658239,0,0,0,0,0,8818,0,0,0,0,0
1780431092197,1780431093197,9865,9865,10036551,8257116,811008,9568255,12451839,16711679,170917887,177209343,177209343,0,0,0,0,0,9865,0,0,0,0,0
1780431093197,1780431094197,9663,9663,10341498,7983096,659456,8585215,15204351,51904511,63963135,69206015,69206015,0,0,0,0,0,9663,0,0,0,0,0
1780431094197,1780431095197,9767,9767,10234971,6907686,749568,8978431,13828095,43778047,78643199,85458943,85458943,0,0,0,0,0,9767,0,0,0,0,0
1780431095197,1780431096197,9812,9812,10184156,5114330,761856,9699327,12648447,23592959,72876031,73924607,73924607,0,0,0,0,0,9812,0,0,0,0,0
1780431096197,1780431097197,9853,9853,10154324,7716661,688128,8781823,14024703,46137343,92274687,142606335,142606335,0,0,0,0,0,9853,0,0,0,0,0
1780431097197,1780431098197,9728,9728,10324874,7888046,692224,8454143,15269887,47448063,68157439,106954751,106954751,0,0,0,0,0,9728,0,0,0,0,0
1780431098197,1780431099197,8709,8709,11519319,7374938,602112,9633791,19005439,42991615,77594623,83886079,83886079,0,0,0,0,0,8709,0,0,0,0,0
1780431099197,1780431100197,9915,9915,10003103,15822717,548864,8781823,12648447,35389439,278921215,283115519,283115519,0,0,0,0,0,9915,0,0,0,0,0
1780431100197,1780431101197,9959,9959,10032433,2084547,835584,9830399,12517375,15728639,21757951,24772607,24772607,0,0,0,0,0,9959,0,0,0,0,0
1780431101197,1780431102197,9773,9773,10233182,6477198,610304,8912895,14614527,42991615,55574527,99614719,99614719,0,0,0,0,0,9773,0,0,0,0,0
1780431102197,1780431103197,9692,9692,10834855,20091901,970752,8847359,13434879,45088767,295698431,299892735,299892735,0,0,0,0,0,9692,0,0,0,0,0
1780431103197,1780431104197,10017,10017,9463562,3366884,634880,9175039,12451839,24117247,31719423,32899071,33423359,0,0,0,0,0,10017,0,0,0,0,0
1780431104197,1780431105197,9933,9933,10065544,7705368,655360,8519679,14876671,45613055,78118911,91750399,91750399,0,0,0,0,0,9933,0,0,0,0,0
1780431105197,1780431106197,10027,10027,9970304,5054480,724992,9371647,12845055,35651583,59506687,63700991,63963135,0,0,0,0,0,10027,0,0,0,0,0
1780431106197,1780431107197,9824,9824,10232228,5646179,663552,9371647,13828095,37748735,57933823,79691775,79691775,0,0,0,0,0,9824,0,0,0,0,0
1780431107197,1780431108197,9911,9911,10043798,6456889,724992,8781823,14352383,43778047,53477375,56885247,56885247,0,0,0,0,0,9911,0,0,0,0,0
1780431108197,1780431109197,9980,9980,10033386,6422127,540672,8978431,13631487,43778047,68681727,73924607,73924607,0,0,0,0,0,9980,0,0,0,0,0
1780431109197,1780431110197,9972,9972,9998155,8333026,602112,8388607,13565951,50069503,94896127,154140671,154140671,0,0,0,0,0,9972,0,0,0,0,0
1780431110197,1780431111197,9883,9883,10162930,7841357,626688,8585215,13959167,49545215,73924607,104333311,104333311,0,0,0,0,0,9883,0,0,0,0,0
1780431111197,1780431112197,9997,9997,9972311,6933636,692224,8650751,13893631,45088767,67108863,71303167,71303167,0,0,0,0,0,9997,0,0,0,0,0
1780431112197,1780431113197,9961,9961,10066410,7166588,618496,8781823,13631487,49545215,59768831,90177535,90177535,0,0,0,0,0,9961,0,0,0,0,0
1780431113197,1780431114197,9914,9914,10027314,7578394,647168,8454143,15073279,46137343,67633151,76546047,76546047,0,0,0,0,0,9914,0,0,0,0,0
1780431114197,1780431115197,10018,10018,10022136,7448362,618496,8519679,13369343,47710207,66060287,67633151,71303167,0,0,0,0,0,10018,0,0,0,0,0
1780431115197,1780431116197,9530,9530,10493820,7581666,589824,8716287,17039359,45613055,60817407,67108863,67108863,0,0,0,0,0,9530,0,0,0,0,0
1780431116197,1780431117197,9826,9826,10120280,7492575,581632,8650751,13828095,47185919,80740351,86507519,86507519,0,0,0,0,0,9826,0,0,0,0,0
1780431117197,1780431118197,9914,9914,10126885,7643071,765952,8781823,13631487,47448063,78643199,163577855,163577855,0,0,0,0,0,9914,0,0,0,0,0
1780431118197,1780431119197,9647,9647,10503723,7768355,757760,9175039,14614527,47448063,102236159,113246207,113246207,0,0,0,0,0,9647,0,0,0,0,0
1780431119197,1780431120197,8031,8031,12233816,17353945,716800,9764863,17432575,67633151,281018367,287309823,287309823,0,0,0,0,0,8031,0,0,0,0,0
1780431120197,1780431121197,9923,9923,10092890,7324347,602112,8585215,14811135,45613055,75497471,83361791,83361791,0,0,0,0,0,9923,0,0,0,0,0
1780431121197,1780431122197,9928,9928,10063265,7924487,557056,8454143,14417919,50069503,83361791,88604671,88604671,0,0,0,0,0,9928,0,0,0,0,0
1780431122197,1780431123197,9725,9725,10274085,6136992,622592,9175039,13959167,36962303,69206015,76021759,76021759,0,0,0,0,0,9725,0,0,0,0,0
1780431123197,1780431124197,9874,9874,10114217,6405132,618496,8847359,14286847,44302335,58458111,61079551,61079551,0,0,0,0,0,9874,0,0,0,0,0
1780431124197,1780431125197,9890,9890,10126739,8011594,593920,8454143,14155775,53739519,70254591,73924607,73924607,0,0,0,0,0,9890,0,0,0,0,0
1780431125197,1780431126197,9918,9918,10063995,7242101,716800,8650751,13828095,47710207,68157439,140509183,140509183,0,0,0,0,0,9918,0,0,0,0,0
1780431126197,1780431127197,9946,9946,10054754,7315205,651264,8781823,13369343,51118079,73400319,96993279,96993279,0,0,0,0,0,9946,0,0,0,0,0
1780431127197,1780431128197,9651,9651,10389428,6806821,634880,9043967,14876671,44302335,65535999,69206015,69206015,0,0,0,0,0,9651,0,0,0,0,0
1780431128197,1780431129197,9319,9319,10697588,7363088,733184,9043967,16646143,43778047,62390271,70778879,70778879,0,0,0,0,0,9319,0,0,0,0,0
1780431129197,1780431130197,10003,10003,9975901,6663043,774144,8912895,13041663,47710207,63438847,71303167,74448895,0,0,0,0,0,10003,0,0,0,0,0
1780431130197,1780431131197,10005,10005,10040260,4906378,655360,9502719,12517375,31457279,68157439,74448895,79167487,0,0,0,0,0,10005,0,0,0,0,0
1780431131197,1780431132197,9956,9956,10009049,6570378,622592,8847359,13893631,47185919,64487423,70778879,70778879,0,0,0,0,0,9956,0,0,0,0,0
1780431132197,1780431133197,9857,9857,10125496,7203072,696320,8781823,13828095,45613055,72876031,98566143,98566143,0,0,0,0,0,9857,0,0,0,0,0
1780431133197,1780431134197,10015,10015,10058851,6746317,700416,8847359,13697023,44040191,68157439,71827455,71827455,0,0,0,0,0,10015,0,0,0,0,0
1780431134197,1780431135197,9967,9967,9959818,7730001,671744,8585215,13500415,49283071,97517567,105906175,105906175,0,0,0,0,0,9967,0,0,0,0,0
1780431135197,1780431136197,9940,9940,10120473,7272175,671744,8847359,13762559,48496639,74973183,85458943,85458943,0,0,0,0,0,9940,0,0,0,0,0
1780431136197,1780431137197,10008,10008,9934698,10644224,708608,8912895,13041663,43515903,171966463,175112191,175112191,0,0,0,0,0,10008,0,0,0,0,0
1780431137197,1780431138197,10108,10108,9950503,3748559,696320,9633791,12451839,23461887,55836671,64487423,65011711,0,0,0,0,0,10108,0,0,0,0,0
1780431138197,1780431139197,9941,9941,10013246,6943948,716800,8978431,13697023,42729471,75497471,135266303,135266303,0,0,0,0,0,9941,0,0,0,0,0
1780431139197,1780431140197,10046,10046,9918936,6430537,598016,9043967,13041663,45875199,71303167,73400319,73924607,0,0,0,0,0,10046,0,0,0,0,0
1780431140197,1780431141197,9835,9835,10170173,7437591,643072,8519679,15794175,45350911,70254591,78643199,78643199,0,0,0,0,0,9835,0,0,0,0,0
1780431141197,1780431142197,9781,9781,10264862,6587972,569344,8912895,15007743,42467327,60293119,63963135,63963135,0,0,0,0,0,9781,0,0,0,0,0
1780431142197,1780431143197,9896,9896,10112090,7142316,696320,8716287,14090239,45350911,79167487,85458943,85458943,0,0,0,0,0,9896,0,0,0,0,0
1780431143197,1780431144197,9963,9963,10039992,7402410,610304,8585215,14155775,47448063,70778879,77594623,77594623,0,0,0,0,0,9963,0,0,0,0,0
1780431144197,1780431145197,9955,9955,10043250,7039757,557056,8650751,14090239,46661631,65011711,67633151,67633151,0,0,0,0,0,9955,0,0,0,0,0
1780431145197,1780431146197,10097,10097,9822850,3378622,790528,9568255,12255231,17432575,56623103,65535999,66060287,0,0,0,0,0,10097,0,0,0,0,0
1780431146197,1780431147197,10016,10016,10011532,4886948,585728,9437183,12976127,29622271,60555263,70254591,70778879,0,0,0,0,0,10016,0,0,0,0,0
1780431147197,1780431148197,9987,9987,10015443,7455418,634880,8585215,14614527,48496639,68681727,110100479,110100479,0,0,0,0,0,9987,0,0,0,0,0
1780431148197,1780431149197,9917,9917,10080765,7187683,589824,8650751,14024703,43778047,73400319,87031807,87031807,0,0,0,0,0,9917,0,0,0,0,0
1780431149197,1780431150197,9870,9870,10170543,7103259,618496,8847359,14221311,46923775,64225279,71303167,71303167,0,0,0,0,0,9870,0,0,0,0,0
1780431150197,1780431151197,9960,9960,9968741,7248254,634880,8650751,14090239,41680895,78118911,82313215,82313215,0,0,0,0,0,9960,0,0,0,0,0
1780431151197,1780431152197,9987,9987,10006014,7030344,610304,8781823,13893631,48496639,74973183,84934655,84934655,0,0,0,0,0,9987,0,0,0,0,0
1780431152197,1780431153197,10040,10040,9981096,7718232,577536,8650751,13303807,54525951,74448895,79167487,79691775,0,0,0,0,0,10040,0,0,0,0,0
1780431153197,1780431154197,10054,10054,9923368,7373170,671744,8585215,14090239,51904511,68681727,78118911,78118911,0,0,0,0,0,10054,0,0,0,0,0
1780431154197,1780431155197,10059,10059,9988623,7265810,532480,8585215,13762559,46661631,69730303,79167487,79691775,0,0,0,0,0,10059,0,0,0,0,0
1780431155197,1780431156197,9986,9986,9965519,7994444,802816,8323071,13434879,51904511,79167487,96993279,96993279,0,0,0,0,0,9986,0,0,0,0,0
1780431156197,1780431157197,10114,10114,9882895,5706790,753664,9175039,13107199,40108031,61079551,63700991,63963135,0,0,0,0,0,10114,0,0,0,0,0
1780431157197,1780431158197,9899,9899,10119820,9075030,610304,8290303,14024703,55312383,111673343,119537663,119537663,0,0,0,0,0,9899,0,0,0,0,0
1780431158197,1780431159197,9989,9989,9992544,6178904,630784,8978431,13828095,39583743,59506687,115343359,115343359,0,0,0,0,0,9989,0,0,0,0,0
1780431159197,1780431160197,9969,9969,10061691,8283680,585728,8355839,14155775,57147391,76021759,89128959,89128959,0,0,0,0,0,9969,0,0,0,0,0
1780431160197,1780431161197,9924,9924,10086194,7576964,626688,8650751,14090239,50069503,73400319,83886079,83886079,0,0,0,0,0,9924,0,0,0,0,0
1780431161197,1780431162197,9982,9982,9966409,7173753,724992,8781823,13762559,46399487,71827455,87556095,87556095,0,0,0,0,0,9982,0,0,0,0,0
1780431162197,1780431163197,9967,9967,10030519,7994586,593920,8454143,14221311,53739519,73924607,80740351,80740351,0,0,0,0,0,9967,0,0,0,0,0
1780431163197,1780431164197,10032,10032,9945879,6010971,634880,9043967,13238271,38010879,66322431,76546047,197132287,0,0,0,0,0,10032,0,0,0,0,0
1780431164197,1780431165197,9961,9961,10042523,6841113,618496,9109503,13107199,45350911,83886079,99090431,99090431,0,0,0,0,0,9961,0,0,0,0,0
1780431165197,1780431166197,9794,9794,10218293,7981864,569344,8585215,14483455,49020927,76021759,78643199,78643199,0,0,0,0,0,9794,0,0,0,0,0
1780431166197,1780431167197,9977,9977,10005621,5785222,589824,9175039,13762559,38273023,74448895,77070335,77070335,0,0,0,0,0,9977,0,0,0,0,0
1780431167197,1780431168197,9925,9925,10106641,7825576,1028096,8585215,13434879,52166655,70778879,76021759,76021759,0,0,0,0,0,9925,0,0,0,0,0
1780431168197,1780431169197,9971,9971,10000904,6167368,618496,9240575,13238271,41680895,73400319,82313215,82313215,0,0,0,0,0,9971,0,0,0,0,0
1780431169197,1780431170197,9900,9900,10097062,7314405,634880,8716287,14811135,47448063,61079551,88604671,88604671,0,0,0,0,0,9900,0,0,0,0,0
1780431170197,1780431171197,9991,9991,9993182,7219508,811008,8716287,13434879,49283071,68681727,72351743,72351743,0,0,0,0,0,9991,0,0,0,0,0
1780431171197,1780431172197,9985,9985,10011975,7422185,610304,8716287,13303807,49807359,72351743,87031807,87031807,0,0,0,0,0,9985,0,0,0,0,0
1780431172197,1780431173197,9959,9959,10061361,6691363,692224,8847359,13959167,43778047,73400319,85983231,85983231,0,0,0,0,0,9959,0,0,0,0,0
1780431173197,1780431174197,9990,9990,9985436,6082516,544768,8978431,13828095,37486591,62652415,72876031,72876031,0,0,0,0,0,9990,0,0,0,0,0
1780431174197,1780431175197,9919,9919,10113251,7009573,598016,8650751,14876671,50593791,65011711,69206015,69206015,0,0,0,0,0,9919,0,0,0,0,0
1780431175197,1780431176197,9906,9906,10053064,7764235,577536,8519679,14483455,50069503,87031807,94896127,94896127,0,0,0,0,0,9906,0,0,0,0,0
1780431176197,1780431177197,9944,9944,10077033,6686321,548864,8716287,14548991,42729471,57933823,60030975,60030975,0,0,0,0,0,9944,0,0,0,0,0
1780431177197,1780431178197,9945,9945,10030962,5565185,651264,9306111,13238271,34865151,62914559,68157439,68157439,0,0,0,0,0,9945,0,0,0,0,0
1780431178197,1780431179197,9976,9976,10029650,6943280,655360,8781823,13828095,42729471,64487423,68681727,68681727,0,0,0,0,0,9976,0,0,0,0,0
1780431179197,1780431180197,9924,9924,10065261,6676178,573440,9043967,13828095,36438015,104857599,113246207,113246207,0,0,0,0,0,9924,0,0,0,0,0
1780431180197,1780431181197,9986,9986,10018760,7411430,557056,8650751,13631487,49807359,81788927,88604671,88604671,0,0,0,0,0,9986,0,0,0,0,0
1780431181197,1780431182197,9999,9999,10003612,7458073,675840,8519679,13631487,50593791,74448895,90701823,90701823,0,0,0,0,0,9999,0,0,0,0,0
1780431182197,1780431183197,9803,9803,10243769,7896579,630784,8650751,14614527,50855935,76021759,82837503,82837503,0,0,0,0,0,9803,0,0,0,0,0
1780431183197,1780431184197,10026,10026,9974369,6713306,659456,8847359,14090239,43253759,62390271,64225279,83886079,0,0,0,0,0,10026,0,0,0,0,0
1780431184197,1780431185197,9965,9965,10056344,7333645,548864,8650751,14155775,46399487,69206015,78643199,78643199,0,0,0,0,0,9965,0,0,0,0,0
1780431185197,1780431186197,9986,9986,9960473,7275237,565248,8716287,13697023,49545215,70254591,93323263,93323263,0,0,0,0,0,9986,0,0,0,0,0
1780431186197,1780431187197,9632,9632,10331405,6895683,671744,8978431,15007743,42991615,56623103,64225279,64225279,0,0,0,0,0,9632,0,0,0,0,0
