Timestamp,Agent,MinSessions,MaxSessions
1780439308356,in-vm,0,100
1780439309359,in-vm,100,100
1780439310357,in-vm,100,100
1780439311356,in-vm,100,100
1780439312356,in-vm,100,100
1780439313354,in-vm,100,100
1780439314356,in-vm,100,100
1780439315355,in-vm,100,100
1780439316355,in-vm,100,100
1780439317355,in-vm,100,100
1780439318356,in-vm,100,100
1780439319355,in-vm,100,100
1780439320355,in-vm,100,100
1780439321355,in-vm,100,100
1780439322356,in-vm,100,100
1780439323355,in-vm,100,100
1780439324356,in-vm,100,100
1780439325355,in-vm,100,100
1780439326355,in-vm,100,100
1780439327355,in-vm,100,100
1780439328355,in-vm,100,100
1780439329355,in-vm,100,100
1780439330355,in-vm,100,100
1780439331355,in-vm,100,100
1780439332355,in-vm,100,100
1780439333355,in-vm,100,100
1780439334355,in-vm,100,100
1780439335355,in-vm,100,100
1780439336356,in-vm,100,100
1780439337355,in-vm,100,100
1780439338355,in-vm,100,100
1780439339355,in-vm,100,100
1780439340355,in-vm,100,100
1780439341355,in-vm,100,100
1780439342355,in-vm,100,100
1780439343355,in-vm,100,100
1780439344360,in-vm,100,100
1780439345355,in-vm,100,100
1780439346354,in-vm,100,100
1780439347355,in-vm,100,100
1780439348355,in-vm,100,100
1780439349355,in-vm,100,100
1780439350355,in-vm,100,100
1780439351355,in-vm,100,100
1780439352355,in-vm,100,100
1780439353355,in-vm,100,100
1780439354355,in-vm,100,100
1780439355355,in-vm,100,100
1780439356355,in-vm,100,100
1780439357355,in-vm,100,100
1780439358355,in-vm,100,100
1780439359356,in-vm,100,100
1780439360355,in-vm,100,100
1780439361355,in-vm,100,100
1780439362355,in-vm,100,100
1780439363355,in-vm,100,100
1780439364355,in-vm,100,100
1780439365355,in-vm,100,100
1780439366355,in-vm,100,100
1780439367355,in-vm,100,100
1780439368355,in-vm,100,100
1780439369355,in-vm,100,100
1780439370358,in-vm,100,100
1780439371355,in-vm,100,100
1780439372355,in-vm,100,100
1780439373355,in-vm,100,100
1780439374355,in-vm,100,100
1780439375355,in-vm,100,100
1780439376355,in-vm,100,100
1780439377355,in-vm,100,100
1780439378355,in-vm,100,100
1780439379355,in-vm,100,100
1780439380355,in-vm,100,100
1780439381355,in-vm,100,100
1780439382355,in-vm,100,100
1780439383356,in-vm,100,100
1780439384355,in-vm,100,100
1780439385356,in-vm,100,100
1780439386355,in-vm,100,100
1780439387355,in-vm,100,100
1780439388355,in-vm,100,100
1780439389356,in-vm,100,100
1780439390355,in-vm,100,100
1780439391356,in-vm,100,100
1780439392355,in-vm,100,100
1780439393355,in-vm,100,100
1780439394355,in-vm,100,100
1780439395360,in-vm,100,100
1780439396355,in-vm,100,100
1780439397355,in-vm,100,100
1780439398355,in-vm,100,100
1780439399355,in-vm,100,100
1780439400355,in-vm,100,100
1780439401355,in-vm,100,100
1780439402355,in-vm,100,100
1780439403355,in-vm,100,100
1780439404355,in-vm,100,100
1780439405355,in-vm,100,100
1780439406355,in-vm,100,100
1780439407355,in-vm,100,100
1780439408355,in-vm,100,100
1780439409355,in-vm,100,100
1780439410355,in-vm,100,100
1780439411355,in-vm,100,100
1780439412354,in-vm,100,100
1780439413355,in-vm,100,100
1780439414355,in-vm,100,100
1780439415355,in-vm,100,100
1780439416355,in-vm,100,100
1780439417355,in-vm,100,100
1780439418355,in-vm,100,100
1780439419355,in-vm,100,100
1780439420355,in-vm,100,100
1780439421355,in-vm,100,100
1780439422355,in-vm,100,100
1780439423355,in-vm,100,100
1780439424355,in-vm,100,100
1780439425355,in-vm,100,100
1780439426355,in-vm,100,100
1780439427355,in-vm,100,100
1780439428355,in-vm,0,100
